{
  "train_loss": [
    0.05654160212520715,
    0.03850534633211382,
    0.03720667951709621,
    0.03527909318333144,
    0.034235327412466425,
    0.03256796774055277,
    0.03304977498047954,
    0.034518612008337134,
    0.03066862895675413,
    0.03333804269658995,
    0.0278858532085196,
    0.028776310367898628,
    0.027754578657530168,
    0.029416094953705976,
    0.027383994769591552,
    0.026435616047500252,
    0.02600648969739348,
    0.026657902183277266,
    0.023128096857568718,
    0.01859618871994726,
    0.02078241227952006,
    0.016903197280243858,
    0.01637356852355239,
    0.016760716304838004,
    0.016380622964557057,
    0.01600284269795968,
    0.016107719931956175,
    0.015638310681250725,
    0.014662045960897927,
    0.014747159983348716,
    0.013591510140347283,
    0.013366465778141231,
    0.013812527738020315,
    0.013092435988505463,
    0.014729118250965416,
    0.013766466120032819,
    0.012590555711598186,
    0.01360803188162518,
    0.012712234911600968,
    0.012674018503217907,
    0.012646558131654185,
    0.011836266950550643,
    0.013213683314785198,
    0.01140194196090266,
    0.012262319671092453,
    0.012129384133923839,
    0.011310798320714589,
    0.011758624638973193,
    0.012127166879005157,
    0.0115177136692372
  ],
  "val_loss": [
    0.053065110300923445,
    0.048042788880539464,
    0.05112260308648859,
    0.03886293205586108,
    0.038983568336282456,
    0.044752157946209334,
    0.041402056121400424,
    0.0429216615732882,
    0.040538688464561004,
    0.042754962671916565,
    0.04139482640139349,
    0.03457551809682787,
    0.03919239269753734,
    0.034123580871760116,
    0.044018494820856784,
    0.03332748908820117,
    0.03530602660300376,
    0.03483609170977545,
    0.024607852717431693,
    0.02927087634188765,
    0.022074614685818113,
    0.02102021218154702,
    0.018907459865990708,
    0.013253884005314251,
    0.024305152247792908,
    0.01650314100766631,
    0.02085150682346916,
    0.017351277410257403,
    0.027027235382778958,
    0.020112530822394885,
    0.020694185099001606,
    0.016795110609126532,
    0.015765855061900955,
    0.01715093438358783,
    0.016316970276574676,
    0.0175879924164082,
    0.018419354307915563,
    0.015583076631230722,
    0.015703826500768108,
    0.013018355373636012,
    0.016276128838289078,
    0.016344417143705207,
    0.015361246991529038,
    0.014469784966050801,
    0.013103864646636994,
    0.014196476349312873,
    0.016754580501999173,
    0.013010295049529164,
    0.013104734083498153,
    0.013328682464306948
  ],
  "best_val_loss": 0.013010295049529164
}