{
  "train_loss": [
    0.34984067743951147,
    0.31306988298892974,
    0.29759239562592665,
    0.22285541253430502,
    0.20920202407863114,
    0.19957860577237474,
    0.20878371391650086,
    0.1936155895282934,
    0.19294487474547636,
    0.22562379385088827,
    0.2080903647856398,
    0.21174136259398618,
    0.18865801886870312,
    0.18358815166648929,
    0.18222348477159228,
    0.18116041540608302,
    0.1970654328609561,
    0.20590261623754605,
    0.18582335939774147,
    0.17670803644827435,
    0.18408824444472136,
    0.1827400172149742,
    0.18077067333263355,
    0.1842748134059238,
    0.17861856757612019,
    0.17858679160311983,
    0.1776106494632396,
    0.19307091581624944,
    0.15826437314460565,
    0.15838159101677465
  ],
  "val_loss": [
    0.3296115571980948,
    0.3242039600571433,
    0.23922385949191155,
    0.22764827087009837,
    0.22655972566373728,
    0.2240170247167103,
    0.22242244603176303,
    0.22281884425895412,
    0.23200090754147784,
    0.2233016856291055,
    0.27190450975405317,
    0.21499553255706125,
    0.20894882237279,
    0.20393364548038403,
    0.2081545119510278,
    0.187835903690455,
    0.22452808923118717,
    0.22069917412904594,
    0.1973215467659859,
    0.20367785091025775,
    0.19046940098850537,
    0.18693102778186305,
    0.20766229988178136,
    0.2077055482830274,
    0.17472784096575955,
    0.21678666716922365,
    0.20801401537079314,
    0.1922051711662509,
    0.23104836717607163,
    0.1821274735584646
  ],
  "best_val_loss": 0.17472784096575955
}