{
  "mae": 0.05052795063811838,
  "rmse": 0.0643997085591822,
  "r2": 0.9091149630708625,
  "cv_mae_mean": 0.04365536335829527,
  "cv_mae_std": 0.006779946053188916
}